{"initial_reset_timestamp": 1556012469.5425541, "timestamps": [1556012566.4093351, 1556012675.7168362, 1556012678.458472, 1556012680.0421638, 1556012681.7022688, 1556012682.328298, 1556012683.972208, 1556012685.685438, 1556012795.3721862, 1556012797.2939122, 1556012798.271612, 1556012798.595237, 1556012800.8765519, 1556012802.1229591, 1556012804.863363, 1556012806.082507, 1556012806.848564, 1556012808.2698429, 1556012810.115778, 1556012812.0444942, 1556012826.487988, 1556012828.543651, 1556012829.5646138, 1556012831.23333, 1556012834.3943071, 1556012837.000202, 1556012839.496515, 1556012929.688755, 1556012930.833727, 1556012932.384127, 1556012933.957226, 1556012934.701293, 1556012936.456276, 1556012937.034782, 1556012938.13083, 1556012940.89283, 1556012943.578088, 1556012944.841064, 1556012946.366615, 1556012948.042885, 1556012981.9396648, 1556012983.946079, 1556012985.7348108, 1556012987.3296099, 1556012988.256276, 1556012989.832136, 1556012990.380281, 1556012992.8342578, 1556012995.3418849, 1556012997.266894, 1556012999.176529, 1556013000.464643, 1556013002.083792, 1556013002.622675, 1556013004.764839, 1556013006.719219, 1556013008.5815868, 1556013009.065387, 1556013010.7633102, 1556013012.211452, 1556013024.680914, 1556013026.341151, 1556013026.782068, 1556013028.3723688], "episode_lengths": [867, 1196, 1160, 1124, 1144, 443, 1139, 1192, 1143, 1171, 768, 252, 1181, 486, 1124, 861, 535, 973, 1144, 1168, 440, 1154, 504, 801, 1167, 849, 1156, 791, 406, 1112, 1158, 566, 1161, 244, 525, 1163, 1174, 841, 969, 1165, 1157, 1178, 1190, 1180, 673, 1152, 405, 1143, 1141, 1178, 882, 866, 1167, 351, 1157, 1168, 1142, 322, 1148, 1007, 468, 1206, 328, 1161], "episode_rewards": [130.70722653167027, 316.05150353370937, 316.1686124834537, 317.25843236725893, 316.5150925409868, 21.491317483686885, 316.99758546729464, 315.08311641160094, 315.94254003848795, 315.081815988091, 109.52221394503968, -39.61274257334986, 315.8548976282851, 27.326814246623243, 317.9193023462023, 139.72845172062202, 36.36319165510332, 170.81496294141465, 317.3322414250931, 316.4651373612075, 15.132260205444794, 317.0220729713758, 31.320402833296583, 115.64270045944764, 316.89224696659033, 125.662632622905, 316.3917236201263, 112.79753359674581, 4.081400016649297, 210.4268199375432, 315.7151894839393, 50.539771399585675, 317.04790065692805, -42.87192317072702, 38.469244143729895, 200.24384129133557, 315.28922053687603, 126.25303636074827, 165.63095865083812, 315.6952746613404, 317.12427939946565, 315.1788592514559, 315.92646330043726, 314.8199803918349, 75.9865957615614, 316.7641076987688, 1.9375979127894851, 317.48953860187197, 213.4919741039355, 315.4249954143639, 140.2964393607899, 128.0862291657748, 315.89674078627945, -10.547382810299837, 314.84423190390197, 316.28117008955024, 317.704907544427, -20.688046653859686, 315.39762784406736, 177.33110264643648, 25.048070245730642, 313.46970386781464, -19.455711114226503, 316.77010149570884], "episode_types": ["t", "t", "t", "t", "t", "t", "t", "t", "t", "t", "t", "t", "t", "t", "t", "t", "t", "t", "t", "t", "t", "t", "t", "t", "t", "t", "t", "t", "t", "t", "t", "t", "t", "t", "t", "t", "t", "t", "t", "t", "t", "t", "t", "t", "t", "t", "t", "t", "t", "t", "t", "t", "t", "t", "t", "t", "t", "t", "t", "t", "t", "t", "t", "t", "t"]}